Employee_ID,Employee_Name,Age,Department,Designation,Monthly_Salary
1,Asha1,30,Sales,Developer,88247
2,Meena2,47,Sales,Executive,54032
3,Asha3,43,IT,Executive,43524
4,Kiran4,39,Sales,Analyst,56257
5,Divya5,29,Marketing,Analyst,33224
6,Asha6,47,Marketing,Analyst,87885
7,Anu7,47,Marketing,Executive,49895
8,Kiran8,45,HR,Manager,54707
9,Arun9,48,Marketing,Analyst,40748
10,Ravi10,50,Sales,Analyst,55654
11,Priya11,33,Sales,Developer,30943
12,Arun12,52,IT,Analyst,49482
13,Arun13,44,Sales,Manager,76696
14,Ravi14,37,Sales,Analyst,36331
15,Anu15,52,HR,Executive,47466
16,Priya16,48,Sales,Manager,69886
17,Ravi17,34,Finance,Developer,66537
18,Meena18,29,Finance,Analyst,71141
19,Kiran19,26,IT,Developer,58486
20,Divya20,45,HR,Team Lead,48913
21,Ravi21,30,Finance,Team Lead,49296
22,Anu22,45,Marketing,Analyst,73751
23,Asha23,48,Finance,Analyst,79194
24,Arun24,49,Marketing,Manager,84706
25,Kiran25,33,Finance,Analyst,85708
26,Divya26,52,IT,Analyst,89391
27,Anu27,49,Marketing,Manager,72545
28,Kiran28,44,HR,Manager,30161
29,Divya29,41,Marketing,Executive,69412
30,John30,42,Finance,Team Lead,79608
31,Rahul31,53,IT,Analyst,42896
32,Ravi32,26,Sales,Executive,70669
33,Kiran33,44,Finance,Executive,47595
34,Asha34,37,Sales,Analyst,72835
35,Ravi35,27,HR,Manager,41176
36,Meena36,27,IT,Team Lead,76468
37,Ravi37,51,Sales,Manager,88707
38,Ravi38,44,Sales,Team Lead,49070
39,Anu39,27,Sales,Developer,31493
40,Ravi40,48,IT,Manager,41384
41,Kiran41,41,HR,Executive,85604
42,Asha42,24,Marketing,Analyst,48219
43,Kiran43,22,Finance,Executive,45393
44,Ravi44,51,HR,Manager,65740
45,John45,38,Finance,Executive,66905
46,Rahul46,50,IT,Manager,61022
47,Anu47,55,Sales,Manager,35173
48,John48,48,HR,Team Lead,78208
49,Arun49,30,Sales,Developer,85644
50,John50,55,Sales,Developer,53051
51,Priya51,23,Finance,Analyst,45878
52,Anu52,24,IT,Manager,86429
53,Meena53,50,Marketing,Manager,76386
54,Kiran54,39,Sales,Manager,77096
55,Priya55,54,Sales,Manager,58146
56,John56,47,HR,Executive,46364
57,John57,27,Marketing,Manager,69678
58,Ravi58,42,Finance,Executive,57944
59,Divya59,40,Marketing,Analyst,71744
60,Arun60,35,HR,Analyst,55673
61,Kiran61,41,Finance,Developer,33081
62,Meena62,28,IT,Manager,82042
63,Arun63,52,HR,Developer,41265
64,Arun64,53,Marketing,Manager,37308
65,Divya65,29,HR,Executive,77352
66,Rahul66,30,HR,Executive,38434
67,Divya67,52,Marketing,Executive,71794
68,John68,55,Marketing,Team Lead,53223
69,Asha69,35,Marketing,Analyst,79907
70,John70,33,Marketing,Manager,61437
71,Ravi71,53,Marketing,Analyst,30966
72,Rahul72,23,Sales,Team Lead,46876
73,Rahul73,46,Sales,Developer,47117
74,Arun74,26,Sales,Executive,36577
75,Ravi75,38,Sales,Executive,60851
76,Rahul76,28,Sales,Team Lead,83942
77,John77,45,HR,Team Lead,49866
78,Rahul78,50,Finance,Executive,68289
79,Meena79,40,Finance,Manager,71987
80,Rahul80,55,Sales,Developer,71502
81,Ravi81,43,Marketing,Team Lead,68315
82,Ravi82,34,Finance,Executive,84596
83,Kiran83,35,HR,Manager,47146
84,Anu84,22,Marketing,Analyst,56753
85,Arun85,24,Finance,Team Lead,78327
86,Meena86,34,HR,Analyst,81753
87,Kiran87,34,HR,Executive,54419
88,Priya88,48,Marketing,Executive,84308
89,Ravi89,40,Finance,Executive,66491
90,Divya90,39,IT,Executive,70862
91,Asha91,34,IT,Developer,41653
92,Divya92,43,IT,Analyst,58661
93,Asha93,25,HR,Executive,48467
94,Asha94,22,IT,Executive,70134
95,Divya95,22,Finance,Executive,35500
96,Asha96,28,HR,Analyst,34825
97,John97,34,Finance,Manager,40117
98,Anu98,45,HR,Analyst,55542
99,Ravi99,52,Finance,Developer,48136
100,Anu100,40,Finance,Team Lead,37705
